{
  "r2": 0.7490562556489546,
  "rmse": 127720.38070041688,
  "mae": 77688.03064864974,
  "mape": 25.41834884518957
}